Workbook
Name DOCUMENTS: #REF!
Name FRNN: #REF!
Name FRNN: #REF!
Name MATICECODE: #REF!
Name MATRICE: #REF!
Name MODELE: #REF!
Name MODELE: #REF!
Name PGA: #REF!
Name SI: #REF!
Name TRADE: #REF!

Sheet Cover page
C3: KAUST
C7: FM Project Request # | I7: 8958
C10: TENDER DOCUMENTS:
D12: BILL OF QUANTITIES
F16: REVISION-0
H19: SUPPLY AND INSTALLATIONS
C22: CONCERNED BUILDING: | F22: ='Bill of Quantity'!B2 -> Building 4, Level 3, Rm# 4-3750.
D25: ● | E25: ='Bill of Quantity'!B1 -> Installation of 3 phase 32A socket and exhaust connection for oven EAR 9399
C31: Established on: | E31: ='Bill of Quantity'!I1 -> 45627
C33: Date received: | F33: Requestor: | I33: Contact No.
C36: Prepared by: | F36: Verified by: | I36: Approved by:

Sheet Bill of Quantity
A1: PR #9442 EAR#9399 | B1: Installation of 3 phase 32A socket and exhaust connection for oven EAR 9399 | G1: Date: | I1: 45627
A2: LOCATION: | B2: Building 4, Level 3, Rm# 4-3750.
A3: BILL OF QUANTITIES
A4: REF | B4: DESCRIPTION | C4: Unit | D4: QTY | E4: SUPPLY | G4: INSTALLATION | I4: S. + I.
E5: U.P. | F5: TOTAL | G5: U.P. | H5: TOTAL | I5: UNIT PRICE | J5: TOTAL
A7: A | B7: Civil/Architectural
A9: D | B9: Electrical
A10: 1 | B10: Supply and install 15 Amp 3-phase circuit breaker (Eaton GHP) including bus bar link and all required accessories. Any modification required in the Panel . The New circuit breaker shall match with existing frame size, short circuit value. | C10: Unit | D10: 1
A11: 2 | B11: Supply and install 1C X4mm² THHN/THWN. | C11: Rol | D11: 5
A12: 3 | B12: Supply and install 1-inch EMT conduit complete with support and accessories. | C12: Lm | D12: 40
A13: 4 | B13: Supply and install 1-inch flexible conduit complete with support and accessories. | C13: Lm | D13: 6
A14: 5 | B14: Supply and install 16-Amps 3-ph special socket (male and female). | C14: Unit | D14: 1
A15: 6 | B15: Testing and commissioning: Perform Continuity test, IR test for new wires, testing, functional test of socket and CB Tagging for electrical points (wires & color coding/conduits). Updated panel drawings reflecting all new termination. | C15: Lot | D15: 1
B22: TOTAL (SAR)
B23: TOTAL (USD)
B24: VAT 5%
B25: TOTAL + VAT (SAR)
B26: TOTAL + VAT (USD)

Sheet take-off trade (2)
A1: SAUDI OGER | T1: DATE: | X1: ='Bill of Quantity'!I1 -> 45627 | Z1: ORIG.DATE:
A2: ='Bill of Quantity'!A2 -> LOCATION: | N2: QTY. SURVEYOR - D. DOMINGUEZ | Z2: DATE ISSUED;
A3: ='Bill of Quantity'!A3 -> BILL OF QUANTITIES | N3: TAKE-OFF QUANTITIES | Z3: 40278
A5: Ref. | B5: Description | C5: U | D5: Total | E5: DETAILS | G5: COMPUTATION | K5: Col
G6: Nb | H6: Length | I6: Width | J6: High | K6: N° | L6: COL1 | M6: COL2 | N6: COL3 | O6: COL4 | P6: COL5 | Q6: COL6 | R6: COL 1 | S6: COL 2 | T6: COL 3 | U6: COL 4 | V6: COL 5 | W6: COL 6 | X6: TOTAL
L7: =+IF($K7=1,PRODUCT($G7,$H7,$I7,$J7)," ") | M7: =+IF($K7=2,PRODUCT($G7,$H7,$I7,$J7)," ") | N7: =+IF($K7=3,PRODUCT($G7,$H7,$I7,$J7)," ") | O7: =+IF($K7=4,PRODUCT($G7,$H7,$I7,$J7)," ") | P7: =+IF($K7=5,PRODUCT($G7,$H7,$I7,$J7)," ") | Q7: =+IF($K7=6,PRODUCT($G7,$H7,$I7,$J7)," ") | R7: =+L7 | S7: =+M7 | T7: =+N7 | U7: =+O7 | V7: =+P7 | W7: =+Q7 | X7: =+IF(E7="total",+T7,"")
K8: 3 | L8: =+IF($K8=1,PRODUCT($G8,$H8,$I8,$J8)," ") | M8: =+IF($K8=2,PRODUCT($G8,$H8,$I8,$J8)," ") | N8: =+IF($K8=3,PRODUCT($G8,$H8,$I8,$J8)," ") -> 0 | O8: =+IF($K8=4,PRODUCT($G8,$H8,$I8,$J8)," ") | P8: =+IF($K8=5,PRODUCT($G8,$H8,$I8,$J8)," ") | Q8: =+IF($K8=6,PRODUCT($G8,$H8,$I8,$J8)," ") | R8: =+L8 | S8: =+M8 | T8: =+N8 -> 0 | U8: =+O8 | V8: =+P8 | W8: =+Q8
K9: 3 | L9: =+IF($K9=1,PRODUCT($G9,$H9,$I9,$J9)," ") | M9: =+IF($K9=2,PRODUCT($G9,$H9,$I9,$J9)," ") | N9: =+IF($K9=3,PRODUCT($G9,$H9,$I9,$J9)," ") -> 0 | O9: =+IF($K9=4,PRODUCT($G9,$H9,$I9,$J9)," ") | P9: =+IF($K9=5,PRODUCT($G9,$H9,$I9,$J9)," ") | Q9: =+IF($K9=6,PRODUCT($G9,$H9,$I9,$J9)," ") | R9: =+L9 | S9: =+M9 | T9: =+N9 -> 0 | U9: =+O9 | V9: =+P9 | W9: =+Q9
K10: 3 | L10: =+IF($K10=1,PRODUCT($G10,$H10,$I10,$J10)," ") | M10: =+IF($K10=2,PRODUCT($G10,$H10,$I10,$J10)," ") | N10: =+IF($K10=3,PRODUCT($G10,$H10,$I10,$J10)," ") -> 0 | O10: =+IF($K10=4,PRODUCT($G10,$H10,$I10,$J10)," ") | P10: =+IF($K10=5,PRODUCT($G10,$H10,$I10,$J10)," ") | Q10: =+IF($K10=6,PRODUCT($G10,$H10,$I10,$J10)," ") | R10: =+L10 | S10: =+M10 | T10: =+N10 -> 0 | U10: =+O10 | V10: =+P10 | W10: =+Q10
K11: 3 | L11: =+IF($K11=1,PRODUCT($G11,$H11,$I11,$J11)," ") | M11: =+IF($K11=2,PRODUCT($G11,$H11,$I11,$J11)," ") | N11: =+IF($K11=3,PRODUCT($G11,$H11,$I11,$J11)," ") -> 0 | O11: =+IF($K11=4,PRODUCT($G11,$H11,$I11,$J11)," ") | P11: =+IF($K11=5,PRODUCT($G11,$H11,$I11,$J11)," ") | Q11: =+IF($K11=6,PRODUCT($G11,$H11,$I11,$J11)," ") | R11: =+L11 | S11: =+M11 | T11: =+N11 -> 0 | U11: =+O11 | V11: =+P11 | W11: =+Q11
K12: 3 | L12: =+IF($K12=1,PRODUCT($G12,$H12,$I12,$J12)," ") | M12: =+IF($K12=2,PRODUCT($G12,$H12,$I12,$J12)," ") | N12: =+IF($K12=3,PRODUCT($G12,$H12,$I12,$J12)," ") -> 0 | O12: =+IF($K12=4,PRODUCT($G12,$H12,$I12,$J12)," ") | P12: =+IF($K12=5,PRODUCT($G12,$H12,$I12,$J12)," ") | Q12: =+IF($K12=6,PRODUCT($G12,$H12,$I12,$J12)," ") | R12: =+L12 | S12: =+M12 | T12: =+N12 -> 0 | U12: =+O12 | V12: =+P12 | W12: =+Q12
K13: 3 | L13: =+IF($K13=1,PRODUCT($G13,$H13,$I13,$J13)," ") | M13: =+IF($K13=2,PRODUCT($G13,$H13,$I13,$J13)," ") | N13: =+IF($K13=3,PRODUCT($G13,$H13,$I13,$J13)," ") -> 0 | O13: =+IF($K13=4,PRODUCT($G13,$H13,$I13,$J13)," ") | P13: =+IF($K13=5,PRODUCT($G13,$H13,$I13,$J13)," ") | Q13: =+IF($K13=6,PRODUCT($G13,$H13,$I13,$J13)," ") | R13: =+L13 | S13: =+M13 | T13: =+N13 -> 0 | U13: =+O13 | V13: =+P13 | W13: =+Q13
K14: 3 | L14: =+IF($K14=1,PRODUCT($G14,$H14,$I14,$J14)," ") | M14: =+IF($K14=2,PRODUCT($G14,$H14,$I14,$J14)," ") | N14: =+IF($K14=3,PRODUCT($G14,$H14,$I14,$J14)," ") -> 0 | O14: =+IF($K14=4,PRODUCT($G14,$H14,$I14,$J14)," ") | P14: =+IF($K14=5,PRODUCT($G14,$H14,$I14,$J14)," ") | Q14: =+IF($K14=6,PRODUCT($G14,$H14,$I14,$J14)," ") | R14: =+L14 | S14: =+M14 | T14: =+N14 -> 0 | U14: =+O14 | V14: =+P14 | W14: =+Q14
K15: 3 | L15: =+IF($K15=1,PRODUCT($G15,$H15,$I15,$J15)," ") | M15: =+IF($K15=2,PRODUCT($G15,$H15,$I15,$J15)," ") | N15: =+IF($K15=3,PRODUCT($G15,$H15,$I15,$J15)," ") -> 0 | O15: =+IF($K15=4,PRODUCT($G15,$H15,$I15,$J15)," ") | P15: =+IF($K15=5,PRODUCT($G15,$H15,$I15,$J15)," ") | Q15: =+IF($K15=6,PRODUCT($G15,$H15,$I15,$J15)," ") | R15: =+L15 | S15: =+M15 | T15: =+N15 -> 0 | U15: =+O15 | V15: =+P15 | W15: =+Q15
K16: 3 | L16: =+IF($K16=1,PRODUCT($G16,$H16,$I16,$J16)," ") | M16: =+IF($K16=2,PRODUCT($G16,$H16,$I16,$J16)," ") | N16: =+IF($K16=3,PRODUCT($G16,$H16,$I16,$J16)," ") -> 0 | O16: =+IF($K16=4,PRODUCT($G16,$H16,$I16,$J16)," ") | P16: =+IF($K16=5,PRODUCT($G16,$H16,$I16,$J16)," ") | Q16: =+IF($K16=6,PRODUCT($G16,$H16,$I16,$J16)," ") | R16: =+L16 | S16: =+M16 | T16: =+N16 -> 0 | U16: =+O16 | V16: =+P16 | W16: =+Q16
K17: 3 | L17: =+IF($K17=1,PRODUCT($G17,$H17,$I17,$J17)," ") | M17: =+IF($K17=2,PRODUCT($G17,$H17,$I17,$J17)," ") | N17: =+IF($K17=3,PRODUCT($G17,$H17,$I17,$J17)," ") -> 0 | O17: =+IF($K17=4,PRODUCT($G17,$H17,$I17,$J17)," ") | P17: =+IF($K17=5,PRODUCT($G17,$H17,$I17,$J17)," ") | Q17: =+IF($K17=6,PRODUCT($G17,$H17,$I17,$J17)," ") | R17: =+L17 | S17: =+M17 | T17: =+N17 -> 0 | U17: =+O17 | V17: =+P17 | W17: =+Q17
K18: 3 | L18: =+IF($K18=1,PRODUCT($G18,$H18,$I18,$J18)," ") | M18: =+IF($K18=2,PRODUCT($G18,$H18,$I18,$J18)," ") | N18: =+IF($K18=3,PRODUCT($G18,$H18,$I18,$J18)," ") -> 0 | O18: =+IF($K18=4,PRODUCT($G18,$H18,$I18,$J18)," ") | P18: =+IF($K18=5,PRODUCT($G18,$H18,$I18,$J18)," ") | Q18: =+IF($K18=6,PRODUCT($G18,$H18,$I18,$J18)," ") | R18: =+L18 | S18: =+M18 | T18: =+N18 -> 0 | U18: =+O18 | V18: =+P18 | W18: =+Q18
K19: 3 | L19: =+IF($K19=1,PRODUCT($G19,$H19,$I19,$J19)," ") | M19: =+IF($K19=2,PRODUCT($G19,$H19,$I19,$J19)," ") | N19: =+IF($K19=3,PRODUCT($G19,$H19,$I19,$J19)," ") -> 0 | O19: =+IF($K19=4,PRODUCT($G19,$H19,$I19,$J19)," ") | P19: =+IF($K19=5,PRODUCT($G19,$H19,$I19,$J19)," ") | Q19: =+IF($K19=6,PRODUCT($G19,$H19,$I19,$J19)," ") | R19: =+L19 | S19: =+M19 | T19: =+N19 -> 0 | U19: =+O19 | V19: =+P19 | W19: =+Q19
... K1243: 3 | L1243: =+IF($K1243=1,PRODUCT($G1243,$H1243,$I1243,$J1243)," ") | M1243: =+IF($K1243=2,PRODUCT($G1243,$H1243,$I1243,$J1243)," ") | N1243: =+IF($K1243=3,PRODUCT($G1243,$H1243,$I1243,$J1243)," ") -> 0 | O1243: =+IF($K1243=4,PRODUCT($G1243,$H1243,$I1243,$J1243)," ") | P1243: =+IF($K1243=5,PRODUCT($G1243,$H1243,$I1243,$J1243)," ") | Q1243: =+IF($K1243=6,PRODUCT($G1243,$H1243,$I1243,$J1243)," ") | R1243: =+L1243 | S1243: =+M1243 | T1243: =+N1243 -> 0 | U1243: =+O1243 | V1243: =+P1243 | W1243: =+Q1243
